CREATE TABLE TBL_TEACHER_202201(
TEACHER_CODE CHAR(3) NOT NULL PRIMARY KEY,
TEACHER_NAME VARCHAR2(15),
CLASS_NAME VARCHAR2(20),
CLASS_PRICE NUMBER(8),
TEACHER_REGIST_DATE VARCHAR2(8)
);

CREATE TABLE TBL_MEMBER_202201(
C_NO CHAR(5) NOT NULL PRIMARY KEY,
C_NAME VARCHAR2(15),
PHONE VARCHAR2(11),
ADDRESS VARCHAR2(50),
GRADE VARCHAR2(6)
);

CREATE TABLE TBL_CLASS_202201(
REGIST_MONTH VARCHAR2(6),
C_NO CHAR(5),
CLASS_AREA VARCHAR2(15),
TUITION NUMBER(8),
TEACHER_CODE CHAR(3),
CONSTRAINT CLASS_PK PRIMARY KEY (REGIST_MONTH, C_NO)
);

CREATE TABLE MEMBER_TBL_02(
CUSTNO NUMBER(6) NOT NULL PRIMARY KEY,
CUSTNAME VARCHAR2(20),
PHONE VARCHAR2(13),
ADDRESS VARCHAR2(60),
JOINDATE DATE,
GRADE CHAR(1),
CITY CHAR(2)
);

CREATE TABLE MONEY_TBL_02(
CUSTNO NUMBER(6) REFERENCES MEMBER_TBL_02(CUSTNO),
SALENOL NUMBER(8) NOT NULL PRIMARY KEY,
PCOST NUMBER(8),
AMOUNT NUMBER(4),
PRICE NUMBER(8),
PCODE VARCHAR2(4),
SDATE DATE
);

CREATE TABLE TBL_VOTE_202005(
V_JUMIN CHAR(13) NOT NULL PRIMARY KEY,
V_NAME VARCHAR2(20),
M_NO CHAR(1),
V_TIME CHAR(4),
V_AREA CHAR(20),
V_CONFIRM CHAR(1)
);

CREATE TABLE TBL_MEMBER_202005(
M_NO CHAR(1) NOT NULL PRIMARY KEY,
M_NAME VARCHAR2(20),
P_CODE CHAR(2),
P_SCHOOL CHAR(1),
M_JUMIN CHAR(13),
M_CITY VARCHAR2(20)
);

CREATE TABLE TBL_PARTY_202005(
P_CODE CHAR(2) NOT NULL PRIMARY KEY,
P_NAME VARCHAR2(20),
P_INDATE DATE,
P_READER VARCHAR2(20),
P_TEL1 CHAR(3),
P_TEL2 CHAR(4),
P_TEL3 CHAR(4)
);

--안됨
--CREATE TABLE MEMBER_TBL_02(
--CUSTNO NUMBER(6) NOT NULL PRIMARY KEY,
--CUSTNAME VARCHAR2(20),
--PHONE VARCHAR2(13),
--ADDRESS VARCHAR2(60),
--JOINDATE DATE,
--GRADE CHAR(1),
--CITY CHAR(2)
--);
--
--CREATE TABLE MONEY_TBL_02(
--CUSTNO NUMBER(6) REFERENCES MEMBER_TBL_02(CUSTNO),
--SALENOL NUMBER(8) NOT NULL PRIMARY KEY,
--PCOST NUMBER(8),
--AMOUNT NUMBER(4),
--PRICE NUMBER(8),
--PCODE VARCHAR2(4),
--SDATE DATE
--);

INSERT INTO TBL_TEACHER_202201 VALUES('100','이초급','초급반',100000,'20220101');
INSERT INTO TBL_TEACHER_202201 VALUES('200','김중급','중급반',200000,'20220102');
INSERT INTO TBL_TEACHER_202201 VALUES('300','박고급','고급반',300000,'20220103');
INSERT INTO TBL_TEACHER_202201 VALUES('400','정심화','심화반',400000,'20220104');

INSERT INTO TBL_MEMBER_202201 VALUES('10001','홍길동','01011112222','서울시 강남구','일반');
INSERT INTO TBL_MEMBER_202201 VALUES('10002','장발장','01022223333','성남시 분당구','일반');
INSERT INTO TBL_MEMBER_202201 VALUES('10003','임꺽정','01033334444','대전시 유성구','일반');
INSERT INTO TBL_MEMBER_202201 VALUES('20001','성춘향','01044445555','부산시 서구','VIP');
INSERT INTO TBL_MEMBER_202201 VALUES('20002','이몽룡','01055556666','대구시 북구','VIP');

INSERT INTO TBL_CLASS_202201 VALUES('202203','10001','서울본원',100000,'100');
INSERT INTO TBL_CLASS_202201 VALUES('202203','10002','성남분원',100000,'100');
INSERT INTO TBL_CLASS_202201 VALUES('202203','10003','대전분원',200000,'200');
INSERT INTO TBL_CLASS_202201 VALUES('202203','20001','부산분원',150000,'300');
INSERT INTO TBL_CLASS_202201 VALUES('202203','20002','대구분원',200000,'400');


select * from tbl_vote_202005;

insert into tbl_vote_202005 values('99010110001','김유권','1','0930','제1투표장','N');

insert into tbl_vote_202005 values('89010120002','이유권','2','0930','제1투표장','N'),('69010110003','박유권','3','0930','제1투표장','Y'),('59010120004','홍유권','4','0930','제1투표장','Y'),('79010110005','조유권','5','0930','제1투표장','Y'),('890101120006','최유권','1','0930','제1투표장','Y'),('59010110007','지유권','1','0930','제1투표장','Y'),('49010120008','장유권','3','0930','제1투표장','Y'),('79010110009','정유권','3','0930','제1투표장','Y'),('89010120010','강유권','4','0930','제1투표장','Y'),('99010110011','신유권','5','0930','제1투표장','Y'),('79010120012','오유권','1','1330','제1투표장','Y'),('69010110013','현유권','4','1330','제2투표장','Y'),(